[
    {
        "in_agent": "NO1_model_Gradient.h5",
        "out_agent": "NO2_model_Gradient.h5",
        "lr": 0.0008,
        "clip_norm": 1.0,
        "batch_size": 2048,
        "experience_files": [
            "AgentExperience10_NO1_model_Gradient_NO1_model_gradient.h5",
            "AgentExperience11_NO1_model_Gradient_NO1_model_gradient.h5",
            "AgentExperience12_NO1_model_Gradient_NO1_model_gradient.h5",
            "AgentExperience13_NO1_model_Gradient_NO1_model_gradient.h5",
            "AgentExperience14_NO1_model_Gradient_NO1_model_gradient.h5",
            "AgentExperience15_NO1_model_Gradient_NO1_model_gradient.h5",
            "AgentExperience16_NO1_model_Gradient_NO1_model_gradient.h5",
            "AgentExperience17_NO1_model_Gradient_NO1_model_gradient.h5",
            "AgentExperience18_NO1_model_Gradient_NO1_model_gradient.h5",
            "AgentExperience19_NO1_model_Gradient_NO1_model_gradient.h5",
            "AgentExperience1_NO1_model_Gradient_NO1_model_gradient.h5",
            "AgentExperience20_NO1_model_Gradient_NO1_model_gradient.h5",
            "AgentExperience21_NO1_model_Gradient_NO1_model_gradient.h5",
            "AgentExperience22_NO1_model_Gradient_NO1_model_gradient.h5",
            "AgentExperience23_NO1_model_Gradient_NO1_model_gradient.h5",
            "AgentExperience24_NO1_model_Gradient_NO1_model_gradient.h5",
            "AgentExperience25_NO1_model_Gradient_NO1_model_gradient.h5",
            "AgentExperience26_NO1_model_Gradient_NO1_model_gradient.h5",
            "AgentExperience27_NO1_model_Gradient_NO1_model_gradient.h5",
            "AgentExperience28_NO1_model_Gradient_NO1_model_gradient.h5",
            "AgentExperience29_NO1_model_Gradient_NO1_model_gradient.h5",
            "AgentExperience2_NO1_model_Gradient_NO1_model_gradient.h5",
            "AgentExperience30_NO1_model_Gradient_NO1_model_gradient.h5",
            "AgentExperience31_NO1_model_Gradient_NO1_model_gradient.h5",
            "AgentExperience32_NO1_model_Gradient_NO1_model_gradient.h5",
            "AgentExperience33_NO1_model_Gradient_NO1_model_gradient.h5",
            "AgentExperience34_NO1_model_Gradient_NO1_model_gradient.h5",
            "AgentExperience35_NO1_model_Gradient_NO1_model_gradient.h5",
            "AgentExperience36_NO1_model_Gradient_NO1_model_gradient.h5",
            "AgentExperience37_NO1_model_Gradient_NO1_model_gradient.h5",
            "AgentExperience38_NO1_model_Gradient_NO1_model_gradient.h5",
            "AgentExperience39_NO1_model_Gradient_NO1_model_gradient.h5",
            "AgentExperience3_NO1_model_Gradient_NO1_model_gradient.h5",
            "AgentExperience40_NO1_model_Gradient_NO1_model_gradient.h5",
            "AgentExperience41_NO1_model_Gradient_NO1_model_gradient.h5",
            "AgentExperience42_NO1_model_Gradient_NO1_model_gradient.h5",
            "AgentExperience43_NO1_model_Gradient_NO1_model_gradient.h5",
            "AgentExperience44_NO1_model_Gradient_NO1_model_gradient.h5",
            "AgentExperience45_NO1_model_Gradient_NO1_model_gradient.h5",
            "AgentExperience46_NO1_model_Gradient_NO1_model_gradient.h5",
            "AgentExperience47_NO1_model_Gradient_NO1_model_gradient.h5",
            "AgentExperience48_NO1_model_Gradient_NO1_model_gradient.h5",
            "AgentExperience49_NO1_model_Gradient_NO1_model_gradient.h5",
            "AgentExperience4_NO1_model_Gradient_NO1_model_gradient.h5",
            "AgentExperience50_NO1_model_Gradient_NO1_model_gradient.h5",
            "AgentExperience51_NO1_model_Gradient_NO1_model_gradient.h5",
            "AgentExperience52_NO1_model_Gradient_NO1_model_gradient.h5",
            "AgentExperience53_NO1_model_Gradient_NO1_model_gradient.h5",
            "AgentExperience54_NO1_model_Gradient_NO1_model_gradient.h5",
            "AgentExperience55_NO1_model_Gradient_NO1_model_gradient.h5",
            "AgentExperience56_NO1_model_Gradient_NO1_model_gradient.h5",
            "AgentExperience57_NO1_model_Gradient_NO1_model_gradient.h5",
            "AgentExperience58_NO1_model_Gradient_NO1_model_gradient.h5",
            "AgentExperience59_NO1_model_Gradient_NO1_model_gradient.h5",
            "AgentExperience5_NO1_model_Gradient_NO1_model_gradient.h5",
            "AgentExperience60_NO1_model_Gradient_NO1_model_gradient.h5",
            "AgentExperience6_NO1_model_Gradient_NO1_model_gradient.h5",
            "AgentExperience7_NO1_model_Gradient_NO1_model_gradient.h5",
            "AgentExperience8_NO1_model_Gradient_NO1_model_gradient.h5",
            "AgentExperience9_NO1_model_Gradient_NO1_model_gradient.h5"
        ],
        "Training_number": 1
    },
    {
        "in_agent": "NO2_model_Gradient.h5",
        "out_agent": "NO3_model_Gradient.h5",
        "lr": 0.0001,
        "clip_norm": 1.0,
        "batch_size": 2048,
        "experience_files": [
            "AgentExperience100_NO2_model_Gradient_NO2_model_gradient.h5",
            "AgentExperience101_NO2_model_Gradient_NO2_model_gradient.h5",
            "AgentExperience102_NO2_model_Gradient_NO2_model_gradient.h5",
            "AgentExperience103_NO2_model_Gradient_NO2_model_gradient.h5",
            "AgentExperience104_NO2_model_Gradient_NO2_model_gradient.h5",
            "AgentExperience105_NO2_model_Gradient_NO2_model_gradient.h5",
            "AgentExperience106_NO2_model_Gradient_NO2_model_gradient.h5",
            "AgentExperience107_NO2_model_Gradient_NO2_model_gradient.h5",
            "AgentExperience108_NO2_model_Gradient_NO2_model_gradient.h5",
            "AgentExperience109_NO2_model_Gradient_NO2_model_gradient.h5",
            "AgentExperience10_NO1_model_Gradient_NO1_model_gradient.h5",
            "AgentExperience110_NO2_model_Gradient_NO2_model_gradient.h5",
            "AgentExperience111_NO2_model_Gradient_NO2_model_gradient.h5",
            "AgentExperience112_NO2_model_Gradient_NO2_model_gradient.h5",
            "AgentExperience113_NO2_model_Gradient_NO2_model_gradient.h5",
            "AgentExperience114_NO2_model_Gradient_NO2_model_gradient.h5",
            "AgentExperience115_NO2_model_Gradient_NO2_model_gradient.h5",
            "AgentExperience116_NO2_model_Gradient_NO2_model_gradient.h5",
            "AgentExperience117_NO2_model_Gradient_NO2_model_gradient.h5",
            "AgentExperience118_NO2_model_Gradient_NO2_model_gradient.h5",
            "AgentExperience119_NO2_model_Gradient_NO2_model_gradient.h5",
            "AgentExperience11_NO1_model_Gradient_NO1_model_gradient.h5",
            "AgentExperience120_NO2_model_Gradient_NO2_model_gradient.h5",
            "AgentExperience121_NO2_model_Gradient_NO2_model_gradient.h5",
            "AgentExperience122_NO2_model_Gradient_NO2_model_gradient.h5",
            "AgentExperience123_NO2_model_Gradient_NO2_model_gradient.h5",
            "AgentExperience124_NO2_model_Gradient_NO2_model_gradient.h5",
            "AgentExperience125_NO2_model_Gradient_NO2_model_gradient.h5",
            "AgentExperience126_NO2_model_Gradient_NO2_model_gradient.h5",
            "AgentExperience127_NO2_model_Gradient_NO2_model_gradient.h5",
            "AgentExperience128_NO2_model_Gradient_NO2_model_gradient.h5",
            "AgentExperience129_NO2_model_Gradient_NO2_model_gradient.h5",
            "AgentExperience12_NO1_model_Gradient_NO1_model_gradient.h5",
            "AgentExperience130_NO2_model_Gradient_NO2_model_gradient.h5",
            "AgentExperience131_NO2_model_Gradient_NO2_model_gradient.h5",
            "AgentExperience132_NO2_model_Gradient_NO2_model_gradient.h5",
            "AgentExperience133_NO2_model_Gradient_NO2_model_gradient.h5",
            "AgentExperience134_NO2_model_Gradient_NO2_model_gradient.h5",
            "AgentExperience135_NO2_model_Gradient_NO2_model_gradient.h5",
            "AgentExperience136_NO2_model_Gradient_NO2_model_gradient.h5",
            "AgentExperience137_NO2_model_Gradient_NO2_model_gradient.h5",
            "AgentExperience138_NO2_model_Gradient_NO2_model_gradient.h5",
            "AgentExperience139_NO2_model_Gradient_NO2_model_gradient.h5",
            "AgentExperience13_NO1_model_Gradient_NO1_model_gradient.h5",
            "AgentExperience140_NO2_model_Gradient_NO2_model_gradient.h5",
            "AgentExperience141_NO2_model_Gradient_NO2_model_gradient.h5",
            "AgentExperience142_NO2_model_Gradient_NO2_model_gradient.h5",
            "AgentExperience143_NO2_model_Gradient_NO2_model_gradient.h5",
            "AgentExperience144_NO2_model_Gradient_NO2_model_gradient.h5",
            "AgentExperience145_NO2_model_Gradient_NO2_model_gradient.h5",
            "AgentExperience146_NO2_model_Gradient_NO2_model_gradient.h5",
            "AgentExperience147_NO2_model_Gradient_NO2_model_gradient.h5",
            "AgentExperience148_NO2_model_Gradient_NO2_model_gradient.h5",
            "AgentExperience149_NO2_model_Gradient_NO2_model_gradient.h5",
            "AgentExperience14_NO1_model_Gradient_NO1_model_gradient.h5",
            "AgentExperience150_NO2_model_Gradient_NO2_model_gradient.h5",
            "AgentExperience151_NO2_model_Gradient_NO2_model_gradient.h5",
            "AgentExperience152_NO2_model_Gradient_NO2_model_gradient.h5",
            "AgentExperience153_NO2_model_Gradient_NO2_model_gradient.h5",
            "AgentExperience154_NO2_model_Gradient_NO2_model_gradient.h5",
            "AgentExperience155_NO2_model_Gradient_NO2_model_gradient.h5",
            "AgentExperience156_NO2_model_Gradient_NO2_model_gradient.h5",
            "AgentExperience157_NO2_model_Gradient_NO2_model_gradient.h5",
            "AgentExperience158_NO2_model_Gradient_NO2_model_gradient.h5",
            "AgentExperience159_NO2_model_Gradient_NO2_model_gradient.h5",
            "AgentExperience15_NO1_model_Gradient_NO1_model_gradient.h5",
            "AgentExperience160_NO2_model_Gradient_NO2_model_gradient.h5",
            "AgentExperience161_NO2_model_Gradient_NO2_model_gradient.h5",
            "AgentExperience162_NO2_model_Gradient_NO2_model_gradient.h5",
            "AgentExperience163_NO2_model_Gradient_NO2_model_gradient.h5",
            "AgentExperience164_NO2_model_Gradient_NO2_model_gradient.h5",
            "AgentExperience165_NO2_model_Gradient_NO2_model_gradient.h5",
            "AgentExperience166_NO2_model_Gradient_NO2_model_gradient.h5",
            "AgentExperience167_NO2_model_Gradient_NO2_model_gradient.h5",
            "AgentExperience168_NO2_model_Gradient_NO2_model_gradient.h5",
            "AgentExperience169_NO2_model_Gradient_NO2_model_gradient.h5",
            "AgentExperience16_NO1_model_Gradient_NO1_model_gradient.h5",
            "AgentExperience170_NO2_model_Gradient_NO2_model_gradient.h5",
            "AgentExperience171_NO2_model_Gradient_NO2_model_gradient.h5",
            "AgentExperience172_NO2_model_Gradient_NO2_model_gradient.h5",
            "AgentExperience173_NO2_model_Gradient_NO2_model_gradient.h5",
            "AgentExperience174_NO2_model_Gradient_NO2_model_gradient.h5",
            "AgentExperience175_NO2_model_Gradient_NO2_model_gradient.h5",
            "AgentExperience176_NO2_model_Gradient_NO2_model_gradient.h5",
            "AgentExperience177_NO2_model_Gradient_NO2_model_gradient.h5",
            "AgentExperience178_NO2_model_Gradient_NO2_model_gradient.h5",
            "AgentExperience179_NO2_model_Gradient_NO2_model_gradient.h5",
            "AgentExperience17_NO1_model_Gradient_NO1_model_gradient.h5",
            "AgentExperience180_NO2_model_Gradient_NO2_model_gradient.h5",
            "AgentExperience181_NO2_model_Gradient_NO2_model_gradient.h5",
            "AgentExperience182_NO2_model_Gradient_NO2_model_gradient.h5",
            "AgentExperience183_NO2_model_Gradient_NO2_model_gradient.h5",
            "AgentExperience184_NO2_model_Gradient_NO2_model_gradient.h5",
            "AgentExperience185_NO2_model_Gradient_NO2_model_gradient.h5",
            "AgentExperience186_NO2_model_Gradient_NO2_model_gradient.h5",
            "AgentExperience187_NO2_model_Gradient_NO2_model_gradient.h5",
            "AgentExperience188_NO2_model_Gradient_NO2_model_gradient.h5",
            "AgentExperience189_NO2_model_Gradient_NO2_model_gradient.h5",
            "AgentExperience18_NO1_model_Gradient_NO1_model_gradient.h5",
            "AgentExperience190_NO2_model_Gradient_NO2_model_gradient.h5",
            "AgentExperience191_NO2_model_Gradient_NO2_model_gradient.h5",
            "AgentExperience192_NO2_model_Gradient_NO2_model_gradient.h5",
            "AgentExperience193_NO2_model_Gradient_NO2_model_gradient.h5",
            "AgentExperience194_NO2_model_Gradient_NO2_model_gradient.h5",
            "AgentExperience195_NO2_model_Gradient_NO2_model_gradient.h5",
            "AgentExperience196_NO2_model_Gradient_NO2_model_gradient.h5",
            "AgentExperience197_NO2_model_Gradient_NO2_model_gradient.h5",
            "AgentExperience198_NO2_model_Gradient_NO2_model_gradient.h5",
            "AgentExperience199_NO2_model_Gradient_NO2_model_gradient.h5",
            "AgentExperience19_NO1_model_Gradient_NO1_model_gradient.h5",
            "AgentExperience1_NO1_model_Gradient_NO1_model_gradient.h5",
            "AgentExperience200_NO2_model_Gradient_NO2_model_gradient.h5",
            "AgentExperience201_NO2_model_Gradient_NO2_model_gradient.h5",
            "AgentExperience202_NO2_model_Gradient_NO2_model_gradient.h5",
            "AgentExperience20_NO1_model_Gradient_NO1_model_gradient.h5",
            "AgentExperience21_NO1_model_Gradient_NO1_model_gradient.h5",
            "AgentExperience22_NO1_model_Gradient_NO1_model_gradient.h5",
            "AgentExperience23_NO1_model_Gradient_NO1_model_gradient.h5",
            "AgentExperience24_NO1_model_Gradient_NO1_model_gradient.h5",
            "AgentExperience25_NO1_model_Gradient_NO1_model_gradient.h5",
            "AgentExperience26_NO1_model_Gradient_NO1_model_gradient.h5",
            "AgentExperience27_NO1_model_Gradient_NO1_model_gradient.h5",
            "AgentExperience28_NO1_model_Gradient_NO1_model_gradient.h5",
            "AgentExperience29_NO1_model_Gradient_NO1_model_gradient.h5",
            "AgentExperience2_NO1_model_Gradient_NO1_model_gradient.h5",
            "AgentExperience30_NO1_model_Gradient_NO1_model_gradient.h5",
            "AgentExperience31_NO1_model_Gradient_NO1_model_gradient.h5",
            "AgentExperience32_NO1_model_Gradient_NO1_model_gradient.h5",
            "AgentExperience33_NO1_model_Gradient_NO1_model_gradient.h5",
            "AgentExperience34_NO1_model_Gradient_NO1_model_gradient.h5",
            "AgentExperience35_NO1_model_Gradient_NO1_model_gradient.h5",
            "AgentExperience36_NO1_model_Gradient_NO1_model_gradient.h5",
            "AgentExperience37_NO1_model_Gradient_NO1_model_gradient.h5",
            "AgentExperience38_NO1_model_Gradient_NO1_model_gradient.h5",
            "AgentExperience39_NO1_model_Gradient_NO1_model_gradient.h5",
            "AgentExperience3_NO1_model_Gradient_NO1_model_gradient.h5",
            "AgentExperience40_NO1_model_Gradient_NO1_model_gradient.h5",
            "AgentExperience41_NO1_model_Gradient_NO1_model_gradient.h5",
            "AgentExperience42_NO1_model_Gradient_NO1_model_gradient.h5",
            "AgentExperience43_NO1_model_Gradient_NO1_model_gradient.h5",
            "AgentExperience44_NO1_model_Gradient_NO1_model_gradient.h5",
            "AgentExperience45_NO1_model_Gradient_NO1_model_gradient.h5",
            "AgentExperience46_NO1_model_Gradient_NO1_model_gradient.h5",
            "AgentExperience47_NO1_model_Gradient_NO1_model_gradient.h5",
            "AgentExperience48_NO1_model_Gradient_NO1_model_gradient.h5",
            "AgentExperience49_NO1_model_Gradient_NO1_model_gradient.h5",
            "AgentExperience4_NO1_model_Gradient_NO1_model_gradient.h5",
            "AgentExperience50_NO1_model_Gradient_NO1_model_gradient.h5",
            "AgentExperience51_NO1_model_Gradient_NO1_model_gradient.h5",
            "AgentExperience52_NO1_model_Gradient_NO1_model_gradient.h5",
            "AgentExperience53_NO1_model_Gradient_NO1_model_gradient.h5",
            "AgentExperience54_NO1_model_Gradient_NO1_model_gradient.h5",
            "AgentExperience55_NO1_model_Gradient_NO1_model_gradient.h5",
            "AgentExperience56_NO1_model_Gradient_NO1_model_gradient.h5",
            "AgentExperience57_NO1_model_Gradient_NO1_model_gradient.h5",
            "AgentExperience58_NO1_model_Gradient_NO1_model_gradient.h5",
            "AgentExperience59_NO1_model_Gradient_NO1_model_gradient.h5",
            "AgentExperience5_NO1_model_Gradient_NO1_model_gradient.h5",
            "AgentExperience60_NO1_model_Gradient_NO1_model_gradient.h5",
            "AgentExperience61_NO2_model_Gradient_NO2_model_gradient.h5",
            "AgentExperience62_NO2_model_Gradient_NO2_model_gradient.h5",
            "AgentExperience63_NO2_model_Gradient_NO2_model_gradient.h5",
            "AgentExperience64_NO2_model_Gradient_NO2_model_gradient.h5",
            "AgentExperience65_NO2_model_Gradient_NO2_model_gradient.h5",
            "AgentExperience66_NO2_model_Gradient_NO2_model_gradient.h5",
            "AgentExperience67_NO2_model_Gradient_NO2_model_gradient.h5",
            "AgentExperience68_NO2_model_Gradient_NO2_model_gradient.h5",
            "AgentExperience69_NO2_model_Gradient_NO2_model_gradient.h5",
            "AgentExperience6_NO1_model_Gradient_NO1_model_gradient.h5",
            "AgentExperience70_NO2_model_Gradient_NO2_model_gradient.h5",
            "AgentExperience71_NO2_model_Gradient_NO2_model_gradient.h5",
            "AgentExperience72_NO2_model_Gradient_NO2_model_gradient.h5",
            "AgentExperience73_NO2_model_Gradient_NO2_model_gradient.h5",
            "AgentExperience74_NO2_model_Gradient_NO2_model_gradient.h5",
            "AgentExperience75_NO2_model_Gradient_NO2_model_gradient.h5",
            "AgentExperience76_NO2_model_Gradient_NO2_model_gradient.h5",
            "AgentExperience77_NO2_model_Gradient_NO2_model_gradient.h5",
            "AgentExperience78_NO2_model_Gradient_NO2_model_gradient.h5",
            "AgentExperience79_NO2_model_Gradient_NO2_model_gradient.h5",
            "AgentExperience7_NO1_model_Gradient_NO1_model_gradient.h5",
            "AgentExperience80_NO2_model_Gradient_NO2_model_gradient.h5",
            "AgentExperience81_NO2_model_Gradient_NO2_model_gradient.h5",
            "AgentExperience82_NO2_model_Gradient_NO2_model_gradient.h5",
            "AgentExperience83_NO2_model_Gradient_NO2_model_gradient.h5",
            "AgentExperience84_NO2_model_Gradient_NO2_model_gradient.h5",
            "AgentExperience85_NO2_model_Gradient_NO2_model_gradient.h5",
            "AgentExperience86_NO2_model_Gradient_NO2_model_gradient.h5",
            "AgentExperience87_NO2_model_Gradient_NO2_model_gradient.h5",
            "AgentExperience88_NO2_model_Gradient_NO2_model_gradient.h5",
            "AgentExperience89_NO2_model_Gradient_NO2_model_gradient.h5",
            "AgentExperience8_NO1_model_Gradient_NO1_model_gradient.h5",
            "AgentExperience90_NO2_model_Gradient_NO2_model_gradient.h5",
            "AgentExperience91_NO2_model_Gradient_NO2_model_gradient.h5",
            "AgentExperience92_NO2_model_Gradient_NO2_model_gradient.h5",
            "AgentExperience93_NO2_model_Gradient_NO2_model_gradient.h5",
            "AgentExperience94_NO2_model_Gradient_NO2_model_gradient.h5",
            "AgentExperience95_NO2_model_Gradient_NO2_model_gradient.h5",
            "AgentExperience96_NO2_model_Gradient_NO2_model_gradient.h5",
            "AgentExperience97_NO2_model_Gradient_NO2_model_gradient.h5",
            "AgentExperience98_NO2_model_Gradient_NO2_model_gradient.h5",
            "AgentExperience99_NO2_model_Gradient_NO2_model_gradient.h5",
            "AgentExperience9_NO1_model_Gradient_NO1_model_gradient.h5"
        ],
        "Training_number": 2
    }
]