{
    "summary_info": {
        "Episodes": 100,
        "Black_agent": "NO2_model_Gradient",
        "White_agent": "NO2_model_gradient",
        "Black_wins": 51,
        "White_wins": 49,
        "Average_black_score": 39.16,
        "Average_white_score": 41.84
    },
    "game_details": [
        {
            "winner": "Player.black",
            "current_score": "0",
            "black_agent": "NO2_model_Gradient",
            "white_agent": "NO2_model_gradient",
            "black_score": "57.75",
            "white_score": "23.25",
            "territory_difference": "34.5"
        },
        {
            "winner": "Player.white",
            "current_score": "1",
            "black_agent": "NO2_model_Gradient",
            "white_agent": "NO2_model_gradient",
            "black_score": "-3.25",
            "white_score": "84.25",
            "territory_difference": "87.5"
        },
        {
            "winner": "Player.black",
            "current_score": "0",
            "black_agent": "NO2_model_Gradient",
            "white_agent": "NO2_model_gradient",
            "black_score": "77.75",
            "white_score": "3.25",
            "territory_difference": "74.5"
        },
        {
            "winner": "Player.black",
            "current_score": "0",
            "black_agent": "NO2_model_Gradient",
            "white_agent": "NO2_model_gradient",
            "black_score": "41.75",
            "white_score": "39.25",
            "territory_difference": "2.5"
        },
        {
            "winner": "Player.black",
            "current_score": "0",
            "black_agent": "NO2_model_Gradient",
            "white_agent": "NO2_model_gradient",
            "black_score": "47.75",
            "white_score": "33.25",
            "territory_difference": "14.5"
        },
        {
            "winner": "Player.white",
            "current_score": "1",
            "black_agent": "NO2_model_Gradient",
            "white_agent": "NO2_model_gradient",
            "black_score": "17.75",
            "white_score": "63.25",
            "territory_difference": "45.5"
        },
        {
            "winner": "Player.black",
            "current_score": "0",
            "black_agent": "NO2_model_Gradient",
            "white_agent": "NO2_model_gradient",
            "black_score": "42.75",
            "white_score": "38.25",
            "territory_difference": "4.5"
        },
        {
            "winner": "Player.black",
            "current_score": "0",
            "black_agent": "NO2_model_Gradient",
            "white_agent": "NO2_model_gradient",
            "black_score": "42.75",
            "white_score": "38.25",
            "territory_difference": "4.5"
        },
        {
            "winner": "Player.white",
            "current_score": "1",
            "black_agent": "NO2_model_Gradient",
            "white_agent": "NO2_model_gradient",
            "black_score": "21.75",
            "white_score": "59.25",
            "territory_difference": "37.5"
        },
        {
            "winner": "Player.black",
            "current_score": "0",
            "black_agent": "NO2_model_Gradient",
            "white_agent": "NO2_model_gradient",
            "black_score": "49.75",
            "white_score": "31.25",
            "territory_difference": "18.5"
        },
        {
            "winner": "Player.white",
            "current_score": "1",
            "black_agent": "NO2_model_Gradient",
            "white_agent": "NO2_model_gradient",
            "black_score": "38.75",
            "white_score": "42.25",
            "territory_difference": "3.5"
        },
        {
            "winner": "Player.black",
            "current_score": "0",
            "black_agent": "NO2_model_Gradient",
            "white_agent": "NO2_model_gradient",
            "black_score": "48.75",
            "white_score": "32.25",
            "territory_difference": "16.5"
        },
        {
            "winner": "Player.white",
            "current_score": "1",
            "black_agent": "NO2_model_Gradient",
            "white_agent": "NO2_model_gradient",
            "black_score": "21.75",
            "white_score": "59.25",
            "territory_difference": "37.5"
        },
        {
            "winner": "Player.black",
            "current_score": "0",
            "black_agent": "NO2_model_Gradient",
            "white_agent": "NO2_model_gradient",
            "black_score": "51.75",
            "white_score": "29.25",
            "territory_difference": "22.5"
        },
        {
            "winner": "Player.white",
            "current_score": "1",
            "black_agent": "NO2_model_Gradient",
            "white_agent": "NO2_model_gradient",
            "black_score": "35.75",
            "white_score": "45.25",
            "territory_difference": "9.5"
        },
        {
            "winner": "Player.white",
            "current_score": "1",
            "black_agent": "NO2_model_Gradient",
            "white_agent": "NO2_model_gradient",
            "black_score": "29.75",
            "white_score": "51.25",
            "territory_difference": "21.5"
        },
        {
            "winner": "Player.black",
            "current_score": "0",
            "black_agent": "NO2_model_Gradient",
            "white_agent": "NO2_model_gradient",
            "black_score": "48.75",
            "white_score": "32.25",
            "territory_difference": "16.5"
        },
        {
            "winner": "Player.white",
            "current_score": "1",
            "black_agent": "NO2_model_Gradient",
            "white_agent": "NO2_model_gradient",
            "black_score": "25.75",
            "white_score": "55.25",
            "territory_difference": "29.5"
        },
        {
            "winner": "Player.white",
            "current_score": "1",
            "black_agent": "NO2_model_Gradient",
            "white_agent": "NO2_model_gradient",
            "black_score": "26.75",
            "white_score": "54.25",
            "territory_difference": "27.5"
        },
        {
            "winner": "Player.white",
            "current_score": "1",
            "black_agent": "NO2_model_Gradient",
            "white_agent": "NO2_model_gradient",
            "black_score": "-3.25",
            "white_score": "84.25",
            "territory_difference": "87.5"
        },
        {
            "winner": "Player.white",
            "current_score": "1",
            "black_agent": "NO2_model_Gradient",
            "white_agent": "NO2_model_gradient",
            "black_score": "-3.25",
            "white_score": "84.25",
            "territory_difference": "87.5"
        },
        {
            "winner": "Player.white",
            "current_score": "1",
            "black_agent": "NO2_model_Gradient",
            "white_agent": "NO2_model_gradient",
            "black_score": "26.75",
            "white_score": "54.25",
            "territory_difference": "27.5"
        },
        {
            "winner": "Player.white",
            "current_score": "1",
            "black_agent": "NO2_model_Gradient",
            "white_agent": "NO2_model_gradient",
            "black_score": "29.75",
            "white_score": "51.25",
            "territory_difference": "21.5"
        },
        {
            "winner": "Player.black",
            "current_score": "0",
            "black_agent": "NO2_model_Gradient",
            "white_agent": "NO2_model_gradient",
            "black_score": "41.75",
            "white_score": "39.25",
            "territory_difference": "2.5"
        },
        {
            "winner": "Player.black",
            "current_score": "0",
            "black_agent": "NO2_model_Gradient",
            "white_agent": "NO2_model_gradient",
            "black_score": "65.75",
            "white_score": "15.25",
            "territory_difference": "50.5"
        },
        {
            "winner": "Player.black",
            "current_score": "0",
            "black_agent": "NO2_model_Gradient",
            "white_agent": "NO2_model_gradient",
            "black_score": "44.75",
            "white_score": "36.25",
            "territory_difference": "8.5"
        },
        {
            "winner": "Player.white",
            "current_score": "1",
            "black_agent": "NO2_model_Gradient",
            "white_agent": "NO2_model_gradient",
            "black_score": "26.75",
            "white_score": "54.25",
            "territory_difference": "27.5"
        },
        {
            "winner": "Player.white",
            "current_score": "1",
            "black_agent": "NO2_model_Gradient",
            "white_agent": "NO2_model_gradient",
            "black_score": "23.75",
            "white_score": "57.25",
            "territory_difference": "33.5"
        },
        {
            "winner": "Player.black",
            "current_score": "0",
            "black_agent": "NO2_model_Gradient",
            "white_agent": "NO2_model_gradient",
            "black_score": "42.75",
            "white_score": "38.25",
            "territory_difference": "4.5"
        },
        {
            "winner": "Player.white",
            "current_score": "1",
            "black_agent": "NO2_model_Gradient",
            "white_agent": "NO2_model_gradient",
            "black_score": "19.75",
            "white_score": "61.25",
            "territory_difference": "41.5"
        },
        {
            "winner": "Player.white",
            "current_score": "1",
            "black_agent": "NO2_model_Gradient",
            "white_agent": "NO2_model_gradient",
            "black_score": "38.75",
            "white_score": "42.25",
            "territory_difference": "3.5"
        },
        {
            "winner": "Player.black",
            "current_score": "0",
            "black_agent": "NO2_model_Gradient",
            "white_agent": "NO2_model_gradient",
            "black_score": "46.75",
            "white_score": "34.25",
            "territory_difference": "12.5"
        },
        {
            "winner": "Player.white",
            "current_score": "1",
            "black_agent": "NO2_model_Gradient",
            "white_agent": "NO2_model_gradient",
            "black_score": "24.75",
            "white_score": "56.25",
            "territory_difference": "31.5"
        },
        {
            "winner": "Player.black",
            "current_score": "0",
            "black_agent": "NO2_model_Gradient",
            "white_agent": "NO2_model_gradient",
            "black_score": "42.75",
            "white_score": "38.25",
            "territory_difference": "4.5"
        },
        {
            "winner": "Player.white",
            "current_score": "1",
            "black_agent": "NO2_model_Gradient",
            "white_agent": "NO2_model_gradient",
            "black_score": "18.75",
            "white_score": "62.25",
            "territory_difference": "43.5"
        },
        {
            "winner": "Player.white",
            "current_score": "1",
            "black_agent": "NO2_model_Gradient",
            "white_agent": "NO2_model_gradient",
            "black_score": "24.75",
            "white_score": "56.25",
            "territory_difference": "31.5"
        },
        {
            "winner": "Player.white",
            "current_score": "1",
            "black_agent": "NO2_model_Gradient",
            "white_agent": "NO2_model_gradient",
            "black_score": "26.75",
            "white_score": "54.25",
            "territory_difference": "27.5"
        },
        {
            "winner": "Player.white",
            "current_score": "1",
            "black_agent": "NO2_model_Gradient",
            "white_agent": "NO2_model_gradient",
            "black_score": "30.75",
            "white_score": "50.25",
            "territory_difference": "19.5"
        },
        {
            "winner": "Player.black",
            "current_score": "0",
            "black_agent": "NO2_model_Gradient",
            "white_agent": "NO2_model_gradient",
            "black_score": "48.75",
            "white_score": "32.25",
            "territory_difference": "16.5"
        },
        {
            "winner": "Player.black",
            "current_score": "0",
            "black_agent": "NO2_model_Gradient",
            "white_agent": "NO2_model_gradient",
            "black_score": "52.75",
            "white_score": "28.25",
            "territory_difference": "24.5"
        },
        {
            "winner": "Player.black",
            "current_score": "0",
            "black_agent": "NO2_model_Gradient",
            "white_agent": "NO2_model_gradient",
            "black_score": "48.75",
            "white_score": "32.25",
            "territory_difference": "16.5"
        },
        {
            "winner": "Player.black",
            "current_score": "0",
            "black_agent": "NO2_model_Gradient",
            "white_agent": "NO2_model_gradient",
            "black_score": "49.75",
            "white_score": "31.25",
            "territory_difference": "18.5"
        },
        {
            "winner": "Player.white",
            "current_score": "1",
            "black_agent": "NO2_model_Gradient",
            "white_agent": "NO2_model_gradient",
            "black_score": "34.75",
            "white_score": "46.25",
            "territory_difference": "11.5"
        },
        {
            "winner": "Player.white",
            "current_score": "1",
            "black_agent": "NO2_model_Gradient",
            "white_agent": "NO2_model_gradient",
            "black_score": "21.75",
            "white_score": "59.25",
            "territory_difference": "37.5"
        },
        {
            "winner": "Player.black",
            "current_score": "0",
            "black_agent": "NO2_model_Gradient",
            "white_agent": "NO2_model_gradient",
            "black_score": "43.75",
            "white_score": "37.25",
            "territory_difference": "6.5"
        },
        {
            "winner": "Player.black",
            "current_score": "0",
            "black_agent": "NO2_model_Gradient",
            "white_agent": "NO2_model_gradient",
            "black_score": "46.75",
            "white_score": "34.25",
            "territory_difference": "12.5"
        },
        {
            "winner": "Player.white",
            "current_score": "1",
            "black_agent": "NO2_model_Gradient",
            "white_agent": "NO2_model_gradient",
            "black_score": "28.75",
            "white_score": "52.25",
            "territory_difference": "23.5"
        },
        {
            "winner": "Player.black",
            "current_score": "0",
            "black_agent": "NO2_model_Gradient",
            "white_agent": "NO2_model_gradient",
            "black_score": "45.75",
            "white_score": "35.25",
            "territory_difference": "10.5"
        },
        {
            "winner": "Player.black",
            "current_score": "0",
            "black_agent": "NO2_model_Gradient",
            "white_agent": "NO2_model_gradient",
            "black_score": "54.75",
            "white_score": "26.25",
            "territory_difference": "28.5"
        },
        {
            "winner": "Player.black",
            "current_score": "0",
            "black_agent": "NO2_model_Gradient",
            "white_agent": "NO2_model_gradient",
            "black_score": "77.75",
            "white_score": "3.25",
            "territory_difference": "74.5"
        },
        {
            "winner": "Player.white",
            "current_score": "1",
            "black_agent": "NO2_model_Gradient",
            "white_agent": "NO2_model_gradient",
            "black_score": "39.75",
            "white_score": "41.25",
            "territory_difference": "1.5"
        },
        {
            "winner": "Player.black",
            "current_score": "0",
            "black_agent": "NO2_model_Gradient",
            "white_agent": "NO2_model_gradient",
            "black_score": "43.75",
            "white_score": "37.25",
            "territory_difference": "6.5"
        },
        {
            "winner": "Player.black",
            "current_score": "0",
            "black_agent": "NO2_model_Gradient",
            "white_agent": "NO2_model_gradient",
            "black_score": "44.75",
            "white_score": "36.25",
            "territory_difference": "8.5"
        },
        {
            "winner": "Player.white",
            "current_score": "1",
            "black_agent": "NO2_model_Gradient",
            "white_agent": "NO2_model_gradient",
            "black_score": "26.75",
            "white_score": "54.25",
            "territory_difference": "27.5"
        },
        {
            "winner": "Player.white",
            "current_score": "1",
            "black_agent": "NO2_model_Gradient",
            "white_agent": "NO2_model_gradient",
            "black_score": "27.75",
            "white_score": "53.25",
            "territory_difference": "25.5"
        },
        {
            "winner": "Player.white",
            "current_score": "1",
            "black_agent": "NO2_model_Gradient",
            "white_agent": "NO2_model_gradient",
            "black_score": "19.75",
            "white_score": "61.25",
            "territory_difference": "41.5"
        },
        {
            "winner": "Player.white",
            "current_score": "1",
            "black_agent": "NO2_model_Gradient",
            "white_agent": "NO2_model_gradient",
            "black_score": "33.75",
            "white_score": "47.25",
            "territory_difference": "13.5"
        },
        {
            "winner": "Player.black",
            "current_score": "0",
            "black_agent": "NO2_model_Gradient",
            "white_agent": "NO2_model_gradient",
            "black_score": "77.75",
            "white_score": "3.25",
            "territory_difference": "74.5"
        },
        {
            "winner": "Player.black",
            "current_score": "0",
            "black_agent": "NO2_model_Gradient",
            "white_agent": "NO2_model_gradient",
            "black_score": "60.75",
            "white_score": "20.25",
            "territory_difference": "40.5"
        },
        {
            "winner": "Player.white",
            "current_score": "1",
            "black_agent": "NO2_model_Gradient",
            "white_agent": "NO2_model_gradient",
            "black_score": "28.75",
            "white_score": "52.25",
            "territory_difference": "23.5"
        },
        {
            "winner": "Player.white",
            "current_score": "1",
            "black_agent": "NO2_model_Gradient",
            "white_agent": "NO2_model_gradient",
            "black_score": "37.75",
            "white_score": "43.25",
            "territory_difference": "5.5"
        },
        {
            "winner": "Player.white",
            "current_score": "1",
            "black_agent": "NO2_model_Gradient",
            "white_agent": "NO2_model_gradient",
            "black_score": "35.75",
            "white_score": "45.25",
            "territory_difference": "9.5"
        },
        {
            "winner": "Player.black",
            "current_score": "0",
            "black_agent": "NO2_model_Gradient",
            "white_agent": "NO2_model_gradient",
            "black_score": "59.75",
            "white_score": "21.25",
            "territory_difference": "38.5"
        },
        {
            "winner": "Player.white",
            "current_score": "1",
            "black_agent": "NO2_model_Gradient",
            "white_agent": "NO2_model_gradient",
            "black_score": "31.75",
            "white_score": "49.25",
            "territory_difference": "17.5"
        },
        {
            "winner": "Player.black",
            "current_score": "0",
            "black_agent": "NO2_model_Gradient",
            "white_agent": "NO2_model_gradient",
            "black_score": "53.75",
            "white_score": "27.25",
            "territory_difference": "26.5"
        },
        {
            "winner": "Player.white",
            "current_score": "1",
            "black_agent": "NO2_model_Gradient",
            "white_agent": "NO2_model_gradient",
            "black_score": "16.75",
            "white_score": "64.25",
            "territory_difference": "47.5"
        },
        {
            "winner": "Player.black",
            "current_score": "0",
            "black_agent": "NO2_model_Gradient",
            "white_agent": "NO2_model_gradient",
            "black_score": "42.75",
            "white_score": "38.25",
            "territory_difference": "4.5"
        },
        {
            "winner": "Player.white",
            "current_score": "1",
            "black_agent": "NO2_model_Gradient",
            "white_agent": "NO2_model_gradient",
            "black_score": "15.75",
            "white_score": "65.25",
            "territory_difference": "49.5"
        },
        {
            "winner": "Player.black",
            "current_score": "0",
            "black_agent": "NO2_model_Gradient",
            "white_agent": "NO2_model_gradient",
            "black_score": "51.75",
            "white_score": "29.25",
            "territory_difference": "22.5"
        },
        {
            "winner": "Player.black",
            "current_score": "0",
            "black_agent": "NO2_model_Gradient",
            "white_agent": "NO2_model_gradient",
            "black_score": "77.75",
            "white_score": "3.25",
            "territory_difference": "74.5"
        },
        {
            "winner": "Player.black",
            "current_score": "0",
            "black_agent": "NO2_model_Gradient",
            "white_agent": "NO2_model_gradient",
            "black_score": "77.75",
            "white_score": "3.25",
            "territory_difference": "74.5"
        },
        {
            "winner": "Player.black",
            "current_score": "0",
            "black_agent": "NO2_model_Gradient",
            "white_agent": "NO2_model_gradient",
            "black_score": "45.75",
            "white_score": "35.25",
            "territory_difference": "10.5"
        },
        {
            "winner": "Player.black",
            "current_score": "0",
            "black_agent": "NO2_model_Gradient",
            "white_agent": "NO2_model_gradient",
            "black_score": "77.75",
            "white_score": "3.25",
            "territory_difference": "74.5"
        },
        {
            "winner": "Player.white",
            "current_score": "1",
            "black_agent": "NO2_model_Gradient",
            "white_agent": "NO2_model_gradient",
            "black_score": "-3.25",
            "white_score": "84.25",
            "territory_difference": "87.5"
        },
        {
            "winner": "Player.black",
            "current_score": "0",
            "black_agent": "NO2_model_Gradient",
            "white_agent": "NO2_model_gradient",
            "black_score": "77.75",
            "white_score": "3.25",
            "territory_difference": "74.5"
        },
        {
            "winner": "Player.white",
            "current_score": "1",
            "black_agent": "NO2_model_Gradient",
            "white_agent": "NO2_model_gradient",
            "black_score": "32.75",
            "white_score": "48.25",
            "territory_difference": "15.5"
        },
        {
            "winner": "Player.white",
            "current_score": "1",
            "black_agent": "NO2_model_Gradient",
            "white_agent": "NO2_model_gradient",
            "black_score": "38.75",
            "white_score": "42.25",
            "territory_difference": "3.5"
        },
        {
            "winner": "Player.black",
            "current_score": "0",
            "black_agent": "NO2_model_Gradient",
            "white_agent": "NO2_model_gradient",
            "black_score": "51.75",
            "white_score": "29.25",
            "territory_difference": "22.5"
        },
        {
            "winner": "Player.black",
            "current_score": "0",
            "black_agent": "NO2_model_Gradient",
            "white_agent": "NO2_model_gradient",
            "black_score": "47.75",
            "white_score": "33.25",
            "territory_difference": "14.5"
        },
        {
            "winner": "Player.black",
            "current_score": "0",
            "black_agent": "NO2_model_Gradient",
            "white_agent": "NO2_model_gradient",
            "black_score": "64.75",
            "white_score": "16.25",
            "territory_difference": "48.5"
        },
        {
            "winner": "Player.black",
            "current_score": "0",
            "black_agent": "NO2_model_Gradient",
            "white_agent": "NO2_model_gradient",
            "black_score": "42.75",
            "white_score": "38.25",
            "territory_difference": "4.5"
        },
        {
            "winner": "Player.white",
            "current_score": "1",
            "black_agent": "NO2_model_Gradient",
            "white_agent": "NO2_model_gradient",
            "black_score": "34.75",
            "white_score": "46.25",
            "territory_difference": "11.5"
        },
        {
            "winner": "Player.black",
            "current_score": "0",
            "black_agent": "NO2_model_Gradient",
            "white_agent": "NO2_model_gradient",
            "black_score": "48.75",
            "white_score": "32.25",
            "territory_difference": "16.5"
        },
        {
            "winner": "Player.black",
            "current_score": "0",
            "black_agent": "NO2_model_Gradient",
            "white_agent": "NO2_model_gradient",
            "black_score": "51.75",
            "white_score": "29.25",
            "territory_difference": "22.5"
        },
        {
            "winner": "Player.white",
            "current_score": "1",
            "black_agent": "NO2_model_Gradient",
            "white_agent": "NO2_model_gradient",
            "black_score": "38.75",
            "white_score": "42.25",
            "territory_difference": "3.5"
        },
        {
            "winner": "Player.black",
            "current_score": "0",
            "black_agent": "NO2_model_Gradient",
            "white_agent": "NO2_model_gradient",
            "black_score": "42.75",
            "white_score": "38.25",
            "territory_difference": "4.5"
        },
        {
            "winner": "Player.black",
            "current_score": "0",
            "black_agent": "NO2_model_Gradient",
            "white_agent": "NO2_model_gradient",
            "black_score": "77.75",
            "white_score": "3.25",
            "territory_difference": "74.5"
        },
        {
            "winner": "Player.black",
            "current_score": "0",
            "black_agent": "NO2_model_Gradient",
            "white_agent": "NO2_model_gradient",
            "black_score": "77.75",
            "white_score": "3.25",
            "territory_difference": "74.5"
        },
        {
            "winner": "Player.white",
            "current_score": "1",
            "black_agent": "NO2_model_Gradient",
            "white_agent": "NO2_model_gradient",
            "black_score": "32.75",
            "white_score": "48.25",
            "territory_difference": "15.5"
        },
        {
            "winner": "Player.white",
            "current_score": "1",
            "black_agent": "NO2_model_Gradient",
            "white_agent": "NO2_model_gradient",
            "black_score": "-3.25",
            "white_score": "84.25",
            "territory_difference": "87.5"
        },
        {
            "winner": "Player.white",
            "current_score": "1",
            "black_agent": "NO2_model_Gradient",
            "white_agent": "NO2_model_gradient",
            "black_score": "-3.25",
            "white_score": "84.25",
            "territory_difference": "87.5"
        },
        {
            "winner": "Player.black",
            "current_score": "0",
            "black_agent": "NO2_model_Gradient",
            "white_agent": "NO2_model_gradient",
            "black_score": "77.75",
            "white_score": "3.25",
            "territory_difference": "74.5"
        },
        {
            "winner": "Player.black",
            "current_score": "0",
            "black_agent": "NO2_model_Gradient",
            "white_agent": "NO2_model_gradient",
            "black_score": "45.75",
            "white_score": "35.25",
            "territory_difference": "10.5"
        },
        {
            "winner": "Player.white",
            "current_score": "1",
            "black_agent": "NO2_model_Gradient",
            "white_agent": "NO2_model_gradient",
            "black_score": "-3.25",
            "white_score": "84.25",
            "territory_difference": "87.5"
        },
        {
            "winner": "Player.white",
            "current_score": "1",
            "black_agent": "NO2_model_Gradient",
            "white_agent": "NO2_model_gradient",
            "black_score": "31.75",
            "white_score": "49.25",
            "territory_difference": "17.5"
        },
        {
            "winner": "Player.black",
            "current_score": "0",
            "black_agent": "NO2_model_Gradient",
            "white_agent": "NO2_model_gradient",
            "black_score": "47.75",
            "white_score": "33.25",
            "territory_difference": "14.5"
        },
        {
            "winner": "Player.white",
            "current_score": "1",
            "black_agent": "NO2_model_Gradient",
            "white_agent": "NO2_model_gradient",
            "black_score": "-3.25",
            "white_score": "84.25",
            "territory_difference": "87.5"
        },
        {
            "winner": "Player.white",
            "current_score": "1",
            "black_agent": "NO2_model_Gradient",
            "white_agent": "NO2_model_gradient",
            "black_score": "26.75",
            "white_score": "54.25",
            "territory_difference": "27.5"
        },
        {
            "winner": "Player.black",
            "current_score": "0",
            "black_agent": "NO2_model_Gradient",
            "white_agent": "NO2_model_gradient",
            "black_score": "43.75",
            "white_score": "37.25",
            "territory_difference": "6.5"
        },
        {
            "winner": "Player.white",
            "current_score": "1",
            "black_agent": "NO2_model_Gradient",
            "white_agent": "NO2_model_gradient",
            "black_score": "21.75",
            "white_score": "59.25",
            "territory_difference": "37.5"
        }
    ]
}